[{"model": "admin.logentry", "pk": 1, "fields": {"action_time": "2023-05-07T05:56:24.040Z", "user": 1, "content_type": 7, "object_id": "1", "object_repr": "every minute", "action_flag": 1, "change_message": "[{\"added\": {}}]"}}, {"model": "admin.logentry", "pk": 2, "fields": {"action_time": "2023-05-07T05:56:25.919Z", "user": 1, "content_type": 8, "object_id": "2", "object_repr": "Each day sync overdua: every minute", "action_flag": 1, "change_message": "[{\"added\": {}}]"}}, {"model": "admin.logentry", "pk": 3, "fields": {"action_time": "2023-05-07T05:58:16.956Z", "user": 1, "content_type": 7, "object_id": "1", "object_repr": "every day", "action_flag": 2, "change_message": "[{\"changed\": {\"fields\": [\"Interval Period\"]}}]"}}, {"model": "admin.logentry", "pk": 4, "fields": {"action_time": "2023-05-07T16:04:30.096Z", "user": 1, "content_type": 7, "object_id": "1", "object_repr": "every day", "action_flag": 2, "change_message": "[]"}}, {"model": "admin.logentry", "pk": 5, "fields": {"action_time": "2023-05-07T16:05:38.839Z", "user": 1, "content_type": 7, "object_id": "1", "object_repr": "every minute", "action_flag": 2, "change_message": "[{\"changed\": {\"fields\": [\"Interval Period\"]}}]"}}, {"model": "admin.logentry", "pk": 6, "fields": {"action_time": "2023-05-07T16:05:40.950Z", "user": 1, "content_type": 8, "object_id": "2", "object_repr": "Each day sync overdua: every minute", "action_flag": 2, "change_message": "[]"}}, {"model": "admin.logentry", "pk": 7, "fields": {"action_time": "2023-05-07T16:05:59.977Z", "user": 1, "content_type": 7, "object_id": "1", "object_repr": "every day", "action_flag": 2, "change_message": "[{\"changed\": {\"fields\": [\"Interval Period\"]}}]"}}, {"model": "admin.logentry", "pk": 8, "fields": {"action_time": "2023-05-07T16:06:03.791Z", "user": 1, "content_type": 8, "object_id": "2", "object_repr": "Each day sync overdua: every day", "action_flag": 2, "change_message": "[]"}}, {"model": "auth.permission", "pk": 1, "fields": {"name": "Can add log entry", "content_type": 1, "codename": "add_logentry"}}, {"model": "auth.permission", "pk": 2, "fields": {"name": "Can change log entry", "content_type": 1, "codename": "change_logentry"}}, {"model": "auth.permission", "pk": 3, "fields": {"name": "Can delete log entry", "content_type": 1, "codename": "delete_logentry"}}, {"model": "auth.permission", "pk": 4, "fields": {"name": "Can view log entry", "content_type": 1, "codename": "view_logentry"}}, {"model": "auth.permission", "pk": 5, "fields": {"name": "Can add permission", "content_type": 2, "codename": "add_permission"}}, {"model": "auth.permission", "pk": 6, "fields": {"name": "Can change permission", "content_type": 2, "codename": "change_permission"}}, {"model": "auth.permission", "pk": 7, "fields": {"name": "Can delete permission", "content_type": 2, "codename": "delete_permission"}}, {"model": "auth.permission", "pk": 8, "fields": {"name": "Can view permission", "content_type": 2, "codename": "view_permission"}}, {"model": "auth.permission", "pk": 9, "fields": {"name": "Can add group", "content_type": 3, "codename": "add_group"}}, {"model": "auth.permission", "pk": 10, "fields": {"name": "Can change group", "content_type": 3, "codename": "change_group"}}, {"model": "auth.permission", "pk": 11, "fields": {"name": "Can delete group", "content_type": 3, "codename": "delete_group"}}, {"model": "auth.permission", "pk": 12, "fields": {"name": "Can view group", "content_type": 3, "codename": "view_group"}}, {"model": "auth.permission", "pk": 13, "fields": {"name": "Can add content type", "content_type": 4, "codename": "add_contenttype"}}, {"model": "auth.permission", "pk": 14, "fields": {"name": "Can change content type", "content_type": 4, "codename": "change_contenttype"}}, {"model": "auth.permission", "pk": 15, "fields": {"name": "Can delete content type", "content_type": 4, "codename": "delete_contenttype"}}, {"model": "auth.permission", "pk": 16, "fields": {"name": "Can view content type", "content_type": 4, "codename": "view_contenttype"}}, {"model": "auth.permission", "pk": 17, "fields": {"name": "Can add session", "content_type": 5, "codename": "add_session"}}, {"model": "auth.permission", "pk": 18, "fields": {"name": "Can change session", "content_type": 5, "codename": "change_session"}}, {"model": "auth.permission", "pk": 19, "fields": {"name": "Can delete session", "content_type": 5, "codename": "delete_session"}}, {"model": "auth.permission", "pk": 20, "fields": {"name": "Can view session", "content_type": 5, "codename": "view_session"}}, {"model": "auth.permission", "pk": 21, "fields": {"name": "Can add crontab", "content_type": 6, "codename": "add_crontabschedule"}}, {"model": "auth.permission", "pk": 22, "fields": {"name": "Can change crontab", "content_type": 6, "codename": "change_crontabschedule"}}, {"model": "auth.permission", "pk": 23, "fields": {"name": "Can delete crontab", "content_type": 6, "codename": "delete_crontabschedule"}}, {"model": "auth.permission", "pk": 24, "fields": {"name": "Can view crontab", "content_type": 6, "codename": "view_crontabschedule"}}, {"model": "auth.permission", "pk": 25, "fields": {"name": "Can add interval", "content_type": 7, "codename": "add_intervalschedule"}}, {"model": "auth.permission", "pk": 26, "fields": {"name": "Can change interval", "content_type": 7, "codename": "change_intervalschedule"}}, {"model": "auth.permission", "pk": 27, "fields": {"name": "Can delete interval", "content_type": 7, "codename": "delete_intervalschedule"}}, {"model": "auth.permission", "pk": 28, "fields": {"name": "Can view interval", "content_type": 7, "codename": "view_intervalschedule"}}, {"model": "auth.permission", "pk": 29, "fields": {"name": "Can add periodic task", "content_type": 8, "codename": "add_periodictask"}}, {"model": "auth.permission", "pk": 30, "fields": {"name": "Can change periodic task", "content_type": 8, "codename": "change_periodictask"}}, {"model": "auth.permission", "pk": 31, "fields": {"name": "Can delete periodic task", "content_type": 8, "codename": "delete_periodictask"}}, {"model": "auth.permission", "pk": 32, "fields": {"name": "Can view periodic task", "content_type": 8, "codename": "view_periodictask"}}, {"model": "auth.permission", "pk": 33, "fields": {"name": "Can add periodic tasks", "content_type": 9, "codename": "add_periodictasks"}}, {"model": "auth.permission", "pk": 34, "fields": {"name": "Can change periodic tasks", "content_type": 9, "codename": "change_periodictasks"}}, {"model": "auth.permission", "pk": 35, "fields": {"name": "Can delete periodic tasks", "content_type": 9, "codename": "delete_periodictasks"}}, {"model": "auth.permission", "pk": 36, "fields": {"name": "Can view periodic tasks", "content_type": 9, "codename": "view_periodictasks"}}, {"model": "auth.permission", "pk": 37, "fields": {"name": "Can add solar event", "content_type": 10, "codename": "add_solarschedule"}}, {"model": "auth.permission", "pk": 38, "fields": {"name": "Can change solar event", "content_type": 10, "codename": "change_solarschedule"}}, {"model": "auth.permission", "pk": 39, "fields": {"name": "Can delete solar event", "content_type": 10, "codename": "delete_solarschedule"}}, {"model": "auth.permission", "pk": 40, "fields": {"name": "Can view solar event", "content_type": 10, "codename": "view_solarschedule"}}, {"model": "auth.permission", "pk": 41, "fields": {"name": "Can add clocked", "content_type": 11, "codename": "add_clockedschedule"}}, {"model": "auth.permission", "pk": 42, "fields": {"name": "Can change clocked", "content_type": 11, "codename": "change_clockedschedule"}}, {"model": "auth.permission", "pk": 43, "fields": {"name": "Can delete clocked", "content_type": 11, "codename": "delete_clockedschedule"}}, {"model": "auth.permission", "pk": 44, "fields": {"name": "Can view clocked", "content_type": 11, "codename": "view_clockedschedule"}}, {"model": "auth.permission", "pk": 45, "fields": {"name": "Can add book", "content_type": 12, "codename": "add_book"}}, {"model": "auth.permission", "pk": 46, "fields": {"name": "Can change book", "content_type": 12, "codename": "change_book"}}, {"model": "auth.permission", "pk": 47, "fields": {"name": "Can delete book", "content_type": 12, "codename": "delete_book"}}, {"model": "auth.permission", "pk": 48, "fields": {"name": "Can view book", "content_type": 12, "codename": "view_book"}}, {"model": "auth.permission", "pk": 49, "fields": {"name": "Can add borrowing", "content_type": 13, "codename": "add_borrowing"}}, {"model": "auth.permission", "pk": 50, "fields": {"name": "Can change borrowing", "content_type": 13, "codename": "change_borrowing"}}, {"model": "auth.permission", "pk": 51, "fields": {"name": "Can delete borrowing", "content_type": 13, "codename": "delete_borrowing"}}, {"model": "auth.permission", "pk": 52, "fields": {"name": "Can view borrowing", "content_type": 13, "codename": "view_borrowing"}}, {"model": "auth.permission", "pk": 53, "fields": {"name": "Can add payment", "content_type": 14, "codename": "add_payment"}}, {"model": "auth.permission", "pk": 54, "fields": {"name": "Can change payment", "content_type": 14, "codename": "change_payment"}}, {"model": "auth.permission", "pk": 55, "fields": {"name": "Can delete payment", "content_type": 14, "codename": "delete_payment"}}, {"model": "auth.permission", "pk": 56, "fields": {"name": "Can view payment", "content_type": 14, "codename": "view_payment"}}, {"model": "auth.permission", "pk": 57, "fields": {"name": "Can add user", "content_type": 15, "codename": "add_user"}}, {"model": "auth.permission", "pk": 58, "fields": {"name": "Can change user", "content_type": 15, "codename": "change_user"}}, {"model": "auth.permission", "pk": 59, "fields": {"name": "Can delete user", "content_type": 15, "codename": "delete_user"}}, {"model": "auth.permission", "pk": 60, "fields": {"name": "Can view user", "content_type": 15, "codename": "view_user"}}, {"model": "contenttypes.contenttype", "pk": 1, "fields": {"app_label": "admin", "model": "logentry"}}, {"model": "contenttypes.contenttype", "pk": 2, "fields": {"app_label": "auth", "model": "permission"}}, {"model": "contenttypes.contenttype", "pk": 3, "fields": {"app_label": "auth", "model": "group"}}, {"model": "contenttypes.contenttype", "pk": 4, "fields": {"app_label": "contenttypes", "model": "contenttype"}}, {"model": "contenttypes.contenttype", "pk": 5, "fields": {"app_label": "sessions", "model": "session"}}, {"model": "contenttypes.contenttype", "pk": 6, "fields": {"app_label": "django_celery_beat", "model": "crontabschedule"}}, {"model": "contenttypes.contenttype", "pk": 7, "fields": {"app_label": "django_celery_beat", "model": "intervalschedule"}}, {"model": "contenttypes.contenttype", "pk": 8, "fields": {"app_label": "django_celery_beat", "model": "periodictask"}}, {"model": "contenttypes.contenttype", "pk": 9, "fields": {"app_label": "django_celery_beat", "model": "periodictasks"}}, {"model": "contenttypes.contenttype", "pk": 10, "fields": {"app_label": "django_celery_beat", "model": "solarschedule"}}, {"model": "contenttypes.contenttype", "pk": 11, "fields": {"app_label": "django_celery_beat", "model": "clockedschedule"}}, {"model": "contenttypes.contenttype", "pk": 12, "fields": {"app_label": "library", "model": "book"}}, {"model": "contenttypes.contenttype", "pk": 13, "fields": {"app_label": "library", "model": "borrowing"}}, {"model": "contenttypes.contenttype", "pk": 14, "fields": {"app_label": "library", "model": "payment"}}, {"model": "contenttypes.contenttype", "pk": 15, "fields": {"app_label": "user", "model": "user"}}, {"model": "sessions.session", "pk": "7if399vkauzz16818ux9jv4q8x2q3wmn", "fields": {"session_data": ".eJylkMlu2zAARP9FQW9BJFFurfgmxSEFp2btaKHJi0FRG62NFWlIcdB_r3PpD_Q6wLx5mE9Ll1rLcTjLwtpYQp9Nqc2Zu3zBSx_u0RCvJzij689pVYLrMrY_1m8BXmNf994Ya_TyW-7cZXXZOo2TqIBYj_-I16m7IxtjlN7YtmhK0Y5X86TNJFX5JMbeFrbiH_b_jz5UsmgLsvyi0TwcPgo379RCI7aQS-DECOIMMFSQZ8DBohKPvR27kNAeX2i7AyfnOU5Jk-3BbhTp-8yQ9g6ncEohc5N05e9P7u3dxYCjMIpvi1O9BnO1DT2RuRnbZoi134-HFPq8x8m-NzIlLMNJ1hwdUyfwFVSxUDuAPd43hEbFjUZiOHjQEyi4511bITWLDPoFCb7cQY6M5CTkeQRr_vLVDae7vaIwUwyxOidKURJ6hRTfABSnYqZR3d1_z8dpGmc51GfVWhvg__kLlVOh5A:1qBrnL:-PD0SGjkNG8fflK0L_aj7_SJhBrzuiOiRcGX9fXVc88", "expire_date": "2023-07-05T06:58:23.195Z"}}, {"model": "sessions.session", "pk": "s9xy4oyvldm09e61471qv3hpysb67azl", "fields": {"session_data": ".eJylUcmOm0AU_Bei3EY23XgB38yMG2THeIPG9AX1wmYwdGgsbEf592BlFGnOuT1VvapXevVLU4lSRVPHhdAWGldxl6gupoAL-4GazZGAze78nJAScOyvNmx6m27TTG3Ej-dPwal1eez6AK12-ALeQYIM7e2f462tBsu866RajMc8T3jZ3LqR6tpCJiPeXMd8LOlj_P9Hv6WFKEV430VuX-8fArBK3iOX3MPLUj85yMOQOCK0IIV36Rtkc6jsMLp6l6hcw7NunYIwx1u4bnhw7ImjjP3ZbgNEgB9MzO0ZPI_Ag9Sx3dPzrqerZZ9-2AbHAJMP7JByetgHyKRXz99euyIICfZ8nB_0LvPRCqYnLtfQM-g1DyNXPCOX13sDGdxZDnhVpo7sOUamCJev7JA5XUFDmzIXZfT9pbXbIb2MEJbEIRkLpYxC2xAF_w4RP4s-crNq-Dtr2rbpizqLZaktwPRNi-mty-ObStq_9QLtC8YoL5P6RYgLrbNm6KQeymGj18rok1WjbSOSyv7c_WKQU5UP6kSHgpt8blJocl0ADvmEW8Bgw2Sy2YxNaUJTCud0biWzuWlBAUwBLJZCxuY61X7_AYvx2aI:1pwe4f:-vmkj47wv13bnGmxLobKasq73awLFq0yhiS5N_9bks4", "expire_date": "2023-05-24T07:17:21.338Z"}}, {"model": "django_celery_beat.intervalschedule", "pk": 1, "fields": {"every": 1, "period": "days"}}, {"model": "django_celery_beat.crontabschedule", "pk": 1, "fields": {"minute": "0", "hour": "4", "day_of_week": "*", "day_of_month": "*", "month_of_year": "*", "timezone": "Europe/Kiev"}}, {"model": "django_celery_beat.periodictasks", "pk": 1, "fields": {"last_update": "2023-06-24T12:42:00.944Z"}}, {"model": "django_celery_beat.periodictask", "pk": 1, "fields": {"name": "celery.backend_cleanup", "task": "celery.backend_cleanup", "interval": null, "crontab": 1, "solar": null, "clocked": null, "args": "[]", "kwargs": "{}", "queue": null, "exchange": null, "routing_key": null, "headers": "{}", "priority": null, "expires": null, "expire_seconds": 43200, "one_off": false, "start_time": null, "enabled": true, "last_run_at": null, "total_run_count": 0, "date_changed": "2023-06-24T12:42:00.943Z", "description": ""}}, {"model": "django_celery_beat.periodictask", "pk": 2, "fields": {"name": "Each day sync overdua", "task": "library.tasks.run_sync_with_api", "interval": 1, "crontab": null, "solar": null, "clocked": null, "args": "[]", "kwargs": "{}", "queue": null, "exchange": null, "routing_key": null, "headers": "{}", "priority": null, "expires": null, "expire_seconds": null, "one_off": false, "start_time": null, "enabled": true, "last_run_at": "2023-06-24T12:42:00.981Z", "total_run_count": 13, "date_changed": "2023-06-24T12:42:01.010Z", "description": "Each day info about overdua"}}, {"model": "library.book", "pk": 1, "fields": {"title": "TestBook", "author": "J.Rolling", "cover": "HARD", "inventory": 2, "daily_fee": "0.140"}}, {"model": "library.book", "pk": 2, "fields": {"title": "TestBook2", "author": "Foo", "cover": "SOFT", "inventory": 6, "daily_fee": "0.500"}}, {"model": "library.book", "pk": 3, "fields": {"title": "Test3", "author": "K.Djerom", "cover": "SOFT", "inventory": 28, "daily_fee": "0.590"}}, {"model": "library.book", "pk": 4, "fields": {"title": "Book4", "author": "Author4", "cover": "HARD", "inventory": 35, "daily_fee": "0.350"}}, {"model": "library.borrowing", "pk": 1, "fields": {"borrow_date": "2023-05-06", "expected_return_date": "2023-05-16", "actual_return_date": "2023-05-07", "book": 2, "user": 1, "is_active": false}}, {"model": "library.borrowing", "pk": 2, "fields": {"borrow_date": "2023-05-06", "expected_return_date": "2023-06-01", "actual_return_date": "2023-05-08", "book": 1, "user": 1, "is_active": false}}, {"model": "library.borrowing", "pk": 3, "fields": {"borrow_date": "2023-05-06", "expected_return_date": "2023-06-04", "actual_return_date": "2023-05-07", "book": 2, "user": 1, "is_active": false}}, {"model": "library.borrowing", "pk": 4, "fields": {"borrow_date": "2023-05-07", "expected_return_date": "2023-05-24", "actual_return_date": "2023-05-08", "book": 2, "user": 1, "is_active": false}}, {"model": "library.borrowing", "pk": 5, "fields": {"borrow_date": "2023-05-07", "expected_return_date": "2023-05-19", "actual_return_date": "2023-05-08", "book": 1, "user": 1, "is_active": false}}, {"model": "library.borrowing", "pk": 6, "fields": {"borrow_date": "2023-05-07", "expected_return_date": "2023-05-17", "actual_return_date": "2023-05-08", "book": 2, "user": 1, "is_active": false}}, {"model": "library.borrowing", "pk": 7, "fields": {"borrow_date": "2023-05-07", "expected_return_date": "2023-05-26", "actual_return_date": "2023-06-08", "book": 2, "user": 1, "is_active": false}}, {"model": "library.borrowing", "pk": 8, "fields": {"borrow_date": "2023-05-07", "expected_return_date": "2023-05-30", "actual_return_date": "2023-06-08", "book": 2, "user": 1, "is_active": false}}, {"model": "library.borrowing", "pk": 9, "fields": {"borrow_date": "2023-05-07", "expected_return_date": "2023-05-30", "actual_return_date": "2023-05-08", "book": 2, "user": 1, "is_active": false}}, {"model": "library.borrowing", "pk": 10, "fields": {"borrow_date": "2023-05-07", "expected_return_date": "2023-05-31", "actual_return_date": "2023-05-08", "book": 2, "user": 1, "is_active": false}}, {"model": "library.borrowing", "pk": 11, "fields": {"borrow_date": "2023-05-08", "expected_return_date": "2023-05-18", "actual_return_date": "2023-06-07", "book": 3, "user": 1, "is_active": false}}, {"model": "library.borrowing", "pk": 12, "fields": {"borrow_date": "2023-05-08", "expected_return_date": "2023-05-26", "actual_return_date": "2023-06-07", "book": 3, "user": 1, "is_active": false}}, {"model": "library.borrowing", "pk": 13, "fields": {"borrow_date": "2023-05-08", "expected_return_date": "2023-05-25", "actual_return_date": "2023-06-08", "book": 3, "user": 1, "is_active": false}}, {"model": "library.borrowing", "pk": 14, "fields": {"borrow_date": "2023-05-08", "expected_return_date": "2023-05-23", "actual_return_date": "2023-06-13", "book": 2, "user": 1, "is_active": false}}, {"model": "library.borrowing", "pk": 15, "fields": {"borrow_date": "2023-05-08", "expected_return_date": "2023-05-31", "actual_return_date": "2023-05-10", "book": 2, "user": 1, "is_active": false}}, {"model": "library.borrowing", "pk": 16, "fields": {"borrow_date": "2023-05-08", "expected_return_date": "2023-05-30", "actual_return_date": "2023-06-08", "book": 3, "user": 1, "is_active": false}}, {"model": "library.borrowing", "pk": 17, "fields": {"borrow_date": "2023-05-10", "expected_return_date": "2023-05-24", "actual_return_date": "2023-06-08", "book": 1, "user": 1, "is_active": false}}, {"model": "library.borrowing", "pk": 18, "fields": {"borrow_date": "2023-05-10", "expected_return_date": "2023-05-22", "actual_return_date": "2023-06-12", "book": 1, "user": 1, "is_active": false}}, {"model": "library.borrowing", "pk": 19, "fields": {"borrow_date": "2023-05-10", "expected_return_date": "2023-06-04", "actual_return_date": "2023-06-20", "book": 3, "user": 1, "is_active": false}}, {"model": "library.borrowing", "pk": 20, "fields": {"borrow_date": "2023-05-10", "expected_return_date": "2023-06-26", "actual_return_date": "2023-06-13", "book": 3, "user": 1, "is_active": false}}, {"model": "library.borrowing", "pk": 21, "fields": {"borrow_date": "2023-05-10", "expected_return_date": "2023-06-28", "actual_return_date": "2023-06-08", "book": 3, "user": 1, "is_active": false}}, {"model": "library.borrowing", "pk": 22, "fields": {"borrow_date": "2023-05-10", "expected_return_date": "2023-06-27", "actual_return_date": "2023-06-20", "book": 3, "user": 1, "is_active": false}}, {"model": "library.borrowing", "pk": 23, "fields": {"borrow_date": "2023-05-10", "expected_return_date": "2023-06-27", "actual_return_date": "2023-06-20", "book": 3, "user": 1, "is_active": false}}, {"model": "library.borrowing", "pk": 24, "fields": {"borrow_date": "2023-05-10", "expected_return_date": "2023-06-27", "actual_return_date": "2023-06-18", "book": 3, "user": 1, "is_active": false}}, {"model": "library.borrowing", "pk": 25, "fields": {"borrow_date": "2023-05-10", "expected_return_date": "2023-06-27", "actual_return_date": "2023-06-20", "book": 3, "user": 1, "is_active": false}}, {"model": "library.borrowing", "pk": 26, "fields": {"borrow_date": "2023-05-10", "expected_return_date": "2023-06-27", "actual_return_date": "2023-06-20", "book": 3, "user": 1, "is_active": false}}, {"model": "library.borrowing", "pk": 27, "fields": {"borrow_date": "2023-05-10", "expected_return_date": "2023-06-27", "actual_return_date": "2023-06-21", "book": 3, "user": 1, "is_active": false}}, {"model": "library.borrowing", "pk": 28, "fields": {"borrow_date": "2023-05-10", "expected_return_date": "2023-06-27", "actual_return_date": "2023-06-21", "book": 3, "user": 1, "is_active": false}}, {"model": "library.borrowing", "pk": 29, "fields": {"borrow_date": "2023-05-10", "expected_return_date": "2023-06-27", "actual_return_date": null, "book": 3, "user": 1, "is_active": true}}, {"model": "library.borrowing", "pk": 30, "fields": {"borrow_date": "2023-06-08", "expected_return_date": "2023-06-24", "actual_return_date": "2023-06-13", "book": 1, "user": 1, "is_active": false}}, {"model": "library.borrowing", "pk": 31, "fields": {"borrow_date": "2023-06-08", "expected_return_date": "2023-06-26", "actual_return_date": "2023-06-12", "book": 2, "user": 1, "is_active": false}}, {"model": "library.borrowing", "pk": 32, "fields": {"borrow_date": "2023-06-08", "expected_return_date": "2023-06-18", "actual_return_date": "2023-06-20", "book": 2, "user": 1, "is_active": false}}, {"model": "library.borrowing", "pk": 33, "fields": {"borrow_date": "2023-06-08", "expected_return_date": "2023-06-19", "actual_return_date": "2023-06-20", "book": 2, "user": 1, "is_active": false}}, {"model": "library.borrowing", "pk": 34, "fields": {"borrow_date": "2023-06-08", "expected_return_date": "2023-06-19", "actual_return_date": "2023-06-08", "book": 2, "user": 1, "is_active": false}}, {"model": "library.payment", "pk": 1, "fields": {"status": "PAID", "type": "PAYMENT", "borrowing": 3, "session_url": "https://checkout.stripe.com/c/pay/cs_test_a10dcHL13iYusIM6kHc9SOEaMWgBGtawske9GcYXoYh5WQ5oID1M1CZnDC#fidkdWxOYHwnPyd1blpxYHZxWjA0SGFNV2ZGdW92a2xpT3ZKQlBWYmNjYkJ2X09SUWhVM2JocURwZGs3PXBrUFZ1TU48MX1zR1N2aGBHSzx0fEAwfDB3cV1VZDVGZk5QPUF8amNTMmtiUWZVNTVhQ0tgTFE2fScpJ2N3amhWYHdzYHcnP3F3cGApJ2lkfGpwcVF8dWAnPyd2bGtiaWBabHFgaCcpJ2BrZGdpYFVpZGZgbWppYWB3dic%2FcXdwYHgl", "session_id": "cs_test_a10dcHL13iYusIM6kHc9SOEaMWgBGtawske9GcYXoYh5WQ5oID1M1CZnDC", "money_to_pay": "0.500"}}, {"model": "library.payment", "pk": 2, "fields": {"status": "PAID", "type": "PAYMENT", "borrowing": 1, "session_url": "https://checkout.stripe.com/c/pay/cs_test_a1xJhf8OnGgxKjaNXPSB41PkunVIN1VBmtcIKGf2pMt4dq8cxk9B94aLGj#fidkdWxOYHwnPyd1blpxYHZxWjA0SGFNV2ZGdW92a2xpT3ZKQlBWYmNjYkJ2X09SUWhVM2JocURwZGs3PXBrUFZ1TU48MX1zR1N2aGBHSzx0fEAwfDB3cV1VZDVGZk5QPUF8amNTMmtiUWZVNTVhQ0tgTFE2fScpJ2N3amhWYHdzYHcnP3F3cGApJ2lkfGpwcVF8dWAnPyd2bGtiaWBabHFgaCcpJ2BrZGdpYFVpZGZgbWppYWB3dic%2FcXdwYHgl", "session_id": "cs_test_a1xJhf8OnGgxKjaNXPSB41PkunVIN1VBmtcIKGf2pMt4dq8cxk9B94aLGj", "money_to_pay": "0.500"}}, {"model": "library.payment", "pk": 3, "fields": {"status": "PAID", "type": "PAYMENT", "borrowing": 4, "session_url": "https://checkout.stripe.com/c/pay/cs_test_a1QFySFbMFCfyfoUC1B21NB3Ydcc37RR4yV5PbZWF4RRw2fTn8fzjHWEPO#fidkdWxOYHwnPyd1blpxYHZxWjA0SGFNV2ZGdW92a2xpT3ZKQlBWYmNjYkJ2X09SUWhVM2JocURwZGs3PXBrUFZ1TU48MX1zR1N2aGBHSzx0fEAwfDB3cV1VZDVGZk5QPUF8amNTMmtiUWZVNTVhQ0tgTFE2fScpJ2N3amhWYHdzYHcnP3F3cGApJ2lkfGpwcVF8dWAnPyd2bGtiaWBabHFgaCcpJ2BrZGdpYFVpZGZgbWppYWB3dic%2FcXdwYHgl", "session_id": "cs_test_a1QFySFbMFCfyfoUC1B21NB3Ydcc37RR4yV5PbZWF4RRw2fTn8fzjHWEPO", "money_to_pay": "0.500"}}, {"model": "library.payment", "pk": 4, "fields": {"status": "PAID", "type": "PAYMENT", "borrowing": 5, "session_url": "https://checkout.stripe.com/c/pay/cs_test_a1D821MfsY1AIk4eGjx98CW5xtcPjqtifsUhhC8Tzke5yWcu5qa0oSZqGe#fidkdWxOYHwnPyd1blpxYHZxWjA0SGFNV2ZGdW92a2xpT3ZKQlBWYmNjYkJ2X09SUWhVM2JocURwZGs3PXBrUFZ1TU48MX1zR1N2aGBHSzx0fEAwfDB3cV1VZDVGZk5QPUF8amNTMmtiUWZVNTVhQ0tgTFE2fScpJ2N3amhWYHdzYHcnP3F3cGApJ2lkfGpwcVF8dWAnPyd2bGtiaWBabHFgaCcpJ2BrZGdpYFVpZGZgbWppYWB3dic%2FcXdwYHgl", "session_id": "cs_test_a1D821MfsY1AIk4eGjx98CW5xtcPjqtifsUhhC8Tzke5yWcu5qa0oSZqGe", "money_to_pay": "0.500"}}, {"model": "library.payment", "pk": 5, "fields": {"status": "PAID", "type": "PAYMENT", "borrowing": 6, "session_url": "https://checkout.stripe.com/c/pay/cs_test_a1IZMc0PZP1U2fricq9FmR2j95QRVxH6h3OyOa2ShLG20nK6FO9QABrsq0#fidkdWxOYHwnPyd1blpxYHZxWjA0SGFNV2ZGdW92a2xpT3ZKQlBWYmNjYkJ2X09SUWhVM2JocURwZGs3PXBrUFZ1TU48MX1zR1N2aGBHSzx0fEAwfDB3cV1VZDVGZk5QPUF8amNTMmtiUWZVNTVhQ0tgTFE2fScpJ2N3amhWYHdzYHcnP3F3cGApJ2lkfGpwcVF8dWAnPyd2bGtiaWBabHFgaCcpJ2BrZGdpYFVpZGZgbWppYWB3dic%2FcXdwYHgl", "session_id": "cs_test_a1IZMc0PZP1U2fricq9FmR2j95QRVxH6h3OyOa2ShLG20nK6FO9QABrsq0", "money_to_pay": "0.500"}}, {"model": "library.payment", "pk": 6, "fields": {"status": "PAID", "type": "PAYMENT", "borrowing": 2, "session_url": "https://checkout.stripe.com/c/pay/cs_test_a18XBWvKwvT0PxuCRWMlAIwgSpBfEQlnNuoVWZ9z4snYfqiM9DM52uU4xv#fidkdWxOYHwnPyd1blpxYHZxWjA0SGFNV2ZGdW92a2xpT3ZKQlBWYmNjYkJ2X09SUWhVM2JocURwZGs3PXBrUFZ1TU48MX1zR1N2aGBHSzx0fEAwfDB3cV1VZDVGZk5QPUF8amNTMmtiUWZVNTVhQ0tgTFE2fScpJ2N3amhWYHdzYHcnP3F3cGApJ2lkfGpwcVF8dWAnPyd2bGtiaWBabHFgaCcpJ2BrZGdpYFVpZGZgbWppYWB3dic%2FcXdwYHgl", "session_id": "cs_test_a18XBWvKwvT0PxuCRWMlAIwgSpBfEQlnNuoVWZ9z4snYfqiM9DM52uU4xv", "money_to_pay": "0.500"}}, {"model": "library.payment", "pk": 7, "fields": {"status": "PAID", "type": "PAYMENT", "borrowing": 9, "session_url": "https://checkout.stripe.com/c/pay/cs_test_a16cDsiYMq6J4IP3LV0GUpkF1OguGe3Lv9o4XYIZ0pmu8emRgyl8iKvKLO#fidkdWxOYHwnPyd1blpxYHZxWjA0SGFNV2ZGdW92a2xpT3ZKQlBWYmNjYkJ2X09SUWhVM2JocURwZGs3PXBrUFZ1TU48MX1zR1N2aGBHSzx0fEAwfDB3cV1VZDVGZk5QPUF8amNTMmtiUWZVNTVhQ0tgTFE2fScpJ2N3amhWYHdzYHcnP3F3cGApJ2lkfGpwcVF8dWAnPyd2bGtiaWBabHFgaCcpJ2BrZGdpYFVpZGZgbWppYWB3dic%2FcXdwYHgl", "session_id": "cs_test_a16cDsiYMq6J4IP3LV0GUpkF1OguGe3Lv9o4XYIZ0pmu8emRgyl8iKvKLO", "money_to_pay": "0.500"}}, {"model": "library.payment", "pk": 8, "fields": {"status": "PAID", "type": "PAYMENT", "borrowing": 10, "session_url": "https://checkout.stripe.com/c/pay/cs_test_a1dcLk2rBcyld7alifLTl5mlkEtQQzNKHiCw9bXVSX8PThXGaGRQIcXNgI#fidkdWxOYHwnPyd1blpxYHZxWjA0SGFNV2ZGdW92a2xpT3ZKQlBWYmNjYkJ2X09SUWhVM2JocURwZGs3PXBrUFZ1TU48MX1zR1N2aGBHSzx0fEAwfDB3cV1VZDVGZk5QPUF8amNTMmtiUWZVNTVhQ0tgTFE2fScpJ2N3amhWYHdzYHcnP3F3cGApJ2lkfGpwcVF8dWAnPyd2bGtiaWBabHFgaCcpJ2BrZGdpYFVpZGZgbWppYWB3dic%2FcXdwYHgl", "session_id": "cs_test_a1dcLk2rBcyld7alifLTl5mlkEtQQzNKHiCw9bXVSX8PThXGaGRQIcXNgI", "money_to_pay": "0.500"}}, {"model": "library.payment", "pk": 9, "fields": {"status": "PAID", "type": "PAYMENT", "borrowing": 15, "session_url": "https://checkout.stripe.com/c/pay/cs_test_a1cdByFoKRZ1KOXz4Zk1cVTEKb5u5MfgsKdLzqdca9jyOwUFEOVj1C1eF3#fidkdWxOYHwnPyd1blpxYHZxWjA0SGFNV2ZGdW92a2xpT3ZKQlBWYmNjYkJ2X09SUWhVM2JocURwZGs3PXBrUFZ1TU48MX1zR1N2aGBHSzx0fEAwfDB3cV1VZDVGZk5QPUF8amNTMmtiUWZVNTVhQ0tgTFE2fScpJ2N3amhWYHdzYHcnP3F3cGApJ2lkfGpwcVF8dWAnPyd2bGtiaWBabHFgaCcpJ2BrZGdpYFVpZGZgbWppYWB3dic%2FcXdwYHgl", "session_id": "cs_test_a1cdByFoKRZ1KOXz4Zk1cVTEKb5u5MfgsKdLzqdca9jyOwUFEOVj1C1eF3", "money_to_pay": "1.000"}}, {"model": "library.payment", "pk": 10, "fields": {"status": "PAID", "type": "PAYMENT", "borrowing": 12, "session_url": "https://checkout.stripe.com/c/pay/cs_test_a1RRKHc7IGjgDzSgIhcFKHQtDeGxv3Tm4wSZOv7PpM5zlxbDy2KIM78bc1#fidkdWxOYHwnPyd1blpxYHZxWjA0SGFNV2ZGdW92a2xpT3ZKQlBWYmNjYkJ2X09SUWhVM2JocURwZGs3PXBrUFZ1TU48MX1zR1N2aGBHSzx0fEAwfDB3cV1VZDVGZk5QPUF8amNTMmtiUWZVNTVhQ0tgTFE2fScpJ2N3amhWYHdzYHcnP3F3cGApJ2lkfGpwcVF8dWAnPyd2bGtiaWBabHFgaCcpJ2BrZGdpYFVpZGZgbWppYWB3dic%2FcXdwYHgl", "session_id": "cs_test_a1RRKHc7IGjgDzSgIhcFKHQtDeGxv3Tm4wSZOv7PpM5zlxbDy2KIM78bc1", "money_to_pay": "24.780"}}, {"model": "library.payment", "pk": 11, "fields": {"status": "PAID", "type": "PAYMENT", "borrowing": 11, "session_url": "https://checkout.stripe.com/c/pay/cs_test_a14g6Rxqq4AFZvUEd0DBZLm9TNZ0KUsIg1cu2FF1SwZZ4WrTPrcX3EaUqF#fidkdWxOYHwnPyd1blpxYHZxWjA0SGFNV2ZGdW92a2xpT3ZKQlBWYmNjYkJ2X09SUWhVM2JocURwZGs3PXBrUFZ1TU48MX1zR1N2aGBHSzx0fEAwfDB3cV1VZDVGZk5QPUF8amNTMmtiUWZVNTVhQ0tgTFE2fScpJ2N3amhWYHdzYHcnP3F3cGApJ2lkfGpwcVF8dWAnPyd2bGtiaWBabHFgaCcpJ2BrZGdpYFVpZGZgbWppYWB3dic%2FcXdwYHgl", "session_id": "cs_test_a14g6Rxqq4AFZvUEd0DBZLm9TNZ0KUsIg1cu2FF1SwZZ4WrTPrcX3EaUqF", "money_to_pay": "29.500"}}, {"model": "library.payment", "pk": 12, "fields": {"status": "PAID", "type": "PAYMENT", "borrowing": 17, "session_url": "https://checkout.stripe.com/c/pay/cs_test_a12kk88UU1Jzltzdqhz1CqKVXnw6cbXviVGgnXKWgRWebiXaZNzj8Wb32U#fidkdWxOYHwnPyd1blpxYHZxWjA0SGFNV2ZGdW92a2xpT3ZKQlBWYmNjYkJ2X09SUWhVM2JocURwZGs3PXBrUFZ1TU48MX1zR1N2aGBHSzx0fEAwfDB3cV1VZDVGZk5QPUF8amNTMmtiUWZVNTVhQ0tgTFE2fScpJ2N3amhWYHdzYHcnP3F3cGApJ2lkfGpwcVF8dWAnPyd2bGtiaWBabHFgaCcpJ2BrZGdpYFVpZGZgbWppYWB3dic%2FcXdwYHgl", "session_id": "cs_test_a12kk88UU1Jzltzdqhz1CqKVXnw6cbXviVGgnXKWgRWebiXaZNzj8Wb32U", "money_to_pay": "6.160"}}, {"model": "library.payment", "pk": 13, "fields": {"status": "PAID", "type": "PAYMENT", "borrowing": 7, "session_url": "https://checkout.stripe.com/c/pay/cs_test_a1HV5RPpZREMc96H2QAa3KRyPxw9RW90lpcXbI70EvKeqjyYl7Kawk6vma#fidkdWxOYHwnPyd1blpxYHZxWjA0SGFNV2ZGdW92a2xpT3ZKQlBWYmNjYkJ2X09SUWhVM2JocURwZGs3PXBrUFZ1TU48MX1zR1N2aGBHSzx0fEAwfDB3cV1VZDVGZk5QPUF8amNTMmtiUWZVNTVhQ0tgTFE2fScpJ2N3amhWYHdzYHcnP3F3cGApJ2lkfGpwcVF8dWAnPyd2bGtiaWBabHFgaCcpJ2BrZGdpYFVpZGZgbWppYWB3dic%2FcXdwYHgl", "session_id": "cs_test_a1HV5RPpZREMc96H2QAa3KRyPxw9RW90lpcXbI70EvKeqjyYl7Kawk6vma", "money_to_pay": "22.500"}}, {"model": "library.payment", "pk": 14, "fields": {"status": "PAID", "type": "PAYMENT", "borrowing": 13, "session_url": "https://checkout.stripe.com/c/pay/cs_test_a1K8GAJjJ8dPS6WTvcQZNN3igxkbcIPgqIEHEc0CViys9CQxizcp12qOOr#fidkdWxOYHwnPyd1blpxYHZxWjA0SGFNV2ZGdW92a2xpT3ZKQlBWYmNjYkJ2X09SUWhVM2JocURwZGs3PXBrUFZ1TU48MX1zR1N2aGBHSzx0fEAwfDB3cV1VZDVGZk5QPUF8amNTMmtiUWZVNTVhQ0tgTFE2fScpJ2N3amhWYHdzYHcnP3F3cGApJ2lkfGpwcVF8dWAnPyd2bGtiaWBabHFgaCcpJ2BrZGdpYFVpZGZgbWppYWB3dic%2FcXdwYHgl", "session_id": "cs_test_a1K8GAJjJ8dPS6WTvcQZNN3igxkbcIPgqIEHEc0CViys9CQxizcp12qOOr", "money_to_pay": "26.550"}}, {"model": "library.payment", "pk": 15, "fields": {"status": "PAID", "type": "PAYMENT", "borrowing": 16, "session_url": "https://checkout.stripe.com/c/pay/cs_test_a1XMuxtZ9S1fTBAIXr5ov0gLF1FNvHMeUzi82YFL4N3E5RDepTRzD3m8Y1#fidkdWxOYHwnPyd1blpxYHZxWjA0SGFNV2ZGdW92a2xpT3ZKQlBWYmNjYkJ2X09SUWhVM2JocURwZGs3PXBrUFZ1TU48MX1zR1N2aGBHSzx0fEAwfDB3cV1VZDVGZk5QPUF8amNTMmtiUWZVNTVhQ0tgTFE2fScpJ2N3amhWYHdzYHcnP3F3cGApJ2lkfGpwcVF8dWAnPyd2bGtiaWBabHFgaCcpJ2BrZGdpYFVpZGZgbWppYWB3dic%2FcXdwYHgl", "session_id": "cs_test_a1XMuxtZ9S1fTBAIXr5ov0gLF1FNvHMeUzi82YFL4N3E5RDepTRzD3m8Y1", "money_to_pay": "23.600"}}, {"model": "library.payment", "pk": 16, "fields": {"status": "PAID", "type": "PAYMENT", "borrowing": 21, "session_url": "https://checkout.stripe.com/c/pay/cs_test_a1Xpv6DUa3LWzoHSBIjK1ont0I6REJCDd2yCNTtKyFkKIv6x3SMZE0f9Mh#fidkdWxOYHwnPyd1blpxYHZxWjA0SGFNV2ZGdW92a2xpT3ZKQlBWYmNjYkJ2X09SUWhVM2JocURwZGs3PXBrUFZ1TU48MX1zR1N2aGBHSzx0fEAwfDB3cV1VZDVGZk5QPUF8amNTMmtiUWZVNTVhQ0tgTFE2fScpJ2N3amhWYHdzYHcnP3F3cGApJ2lkfGpwcVF8dWAnPyd2bGtiaWBabHFgaCcpJ2BrZGdpYFVpZGZgbWppYWB3dic%2FcXdwYHgl", "session_id": "cs_test_a1Xpv6DUa3LWzoHSBIjK1ont0I6REJCDd2yCNTtKyFkKIv6x3SMZE0f9Mh", "money_to_pay": "17.110"}}, {"model": "library.payment", "pk": 17, "fields": {"status": "PAID", "type": "PAYMENT", "borrowing": 34, "session_url": "https://checkout.stripe.com/c/pay/cs_test_a1i2wcQAscY49Fek89tbzkC7wqbc0qUiRTjG8PuSNPUPE7TxCAQ227TFjz#fidkdWxOYHwnPyd1blpxYHZxWjA0SGFNV2ZGdW92a2xpT3ZKQlBWYmNjYkJ2X09SUWhVM2JocURwZGs3PXBrUFZ1TU48MX1zR1N2aGBHSzx0fEAwfDB3cV1VZDVGZk5QPUF8amNTMmtiUWZVNTVhQ0tgTFE2fScpJ2N3amhWYHdzYHcnP3F3cGApJ2lkfGpwcVF8dWAnPyd2bGtiaWBabHFgaCcpJ2BrZGdpYFVpZGZgbWppYWB3dic%2FcXdwYHgl", "session_id": "cs_test_a1i2wcQAscY49Fek89tbzkC7wqbc0qUiRTjG8PuSNPUPE7TxCAQ227TFjz", "money_to_pay": "0.500"}}, {"model": "library.payment", "pk": 18, "fields": {"status": "PAID", "type": "PAYMENT", "borrowing": 8, "session_url": "https://checkout.stripe.com/c/pay/cs_test_a1eoHwBKhp4uN0EgG7rAOURzLB990I5rKjryZjoXMQqecp0LL8Z2F3v6db#fidkdWxOYHwnPyd1blpxYHZxWjA0SGFNV2ZGdW92a2xpT3ZKQlBWYmNjYkJ2X09SUWhVM2JocURwZGs3PXBrUFZ1TU48MX1zR1N2aGBHSzx0fEAwfDB3cV1VZDVGZk5QPUF8amNTMmtiUWZVNTVhQ0tgTFE2fScpJ2N3amhWYHdzYHcnP3F3cGApJ2lkfGpwcVF8dWAnPyd2bGtiaWBabHFgaCcpJ2BrZGdpYFVpZGZgbWppYWB3dic%2FcXdwYHgl", "session_id": "cs_test_a1eoHwBKhp4uN0EgG7rAOURzLB990I5rKjryZjoXMQqecp0LL8Z2F3v6db", "money_to_pay": "20.500"}}, {"model": "library.payment", "pk": 19, "fields": {"status": "PAID", "type": "PAYMENT", "borrowing": 31, "session_url": "https://checkout.stripe.com/c/pay/cs_test_a1jzmAd37fk7p3R0bupZ2Mk4imHhZlpUl2GfTDaIomBa30inal0YrdbVtL#fidkdWxOYHwnPyd1blpxYHZxWjA0SGFNV2ZGdW92a2xpT3ZKQlBWYmNjYkJ2X09SUWhVM2JocURwZGs3PXBrUFZ1TU48MX1zR1N2aGBHSzx0fEAwfDB3cV1VZDVGZk5QPUF8amNTMmtiUWZVNTVhQ0tgTFE2fScpJ2N3amhWYHdzYHcnP3F3cGApJ2lkfGpwcVF8dWAnPyd2bGtiaWBabHFgaCcpJ2BrZGdpYFVpZGZgbWppYWB3dic%2FcXdwYHgl", "session_id": "cs_test_a1jzmAd37fk7p3R0bupZ2Mk4imHhZlpUl2GfTDaIomBa30inal0YrdbVtL", "money_to_pay": "2.000"}}, {"model": "library.payment", "pk": 20, "fields": {"status": "PAID", "type": "PAYMENT", "borrowing": 18, "session_url": "https://checkout.stripe.com/c/pay/cs_test_a1EhoXuuD6R1pVEqcRCbnDpZ9nxLlsYbJn3Fdjb1khzxp3UAvegOWjKVlA#fidkdWxOYHwnPyd1blpxYHZxWjA0SGFNV2ZGdW92a2xpT3ZKQlBWYmNjYkJ2X09SUWhVM2JocURwZGs3PXBrUFZ1TU48MX1zR1N2aGBHSzx0fEAwfDB3cV1VZDVGZk5QPUF8amNTMmtiUWZVNTVhQ0tgTFE2fScpJ2N3amhWYHdzYHcnP3F3cGApJ2lkfGpwcVF8dWAnPyd2bGtiaWBabHFgaCcpJ2BrZGdpYFVpZGZgbWppYWB3dic%2FcXdwYHgl", "session_id": "cs_test_a1EhoXuuD6R1pVEqcRCbnDpZ9nxLlsYbJn3Fdjb1khzxp3UAvegOWjKVlA", "money_to_pay": "7.560"}}, {"model": "library.payment", "pk": 21, "fields": {"status": "PAID", "type": "PAYMENT", "borrowing": 20, "session_url": "https://checkout.stripe.com/c/pay/cs_test_a1s22QEe8u9lrzKmB4GCY86K1eK6NJIYp14idVVmcVnm2hen51mPatgg5P#fidkdWxOYHwnPyd1blpxYHZxWjA0SGFNV2ZGdW92a2xpT3ZKQlBWYmNjYkJ2X09SUWhVM2JocURwZGs3PXBrUFZ1TU48MX1zR1N2aGBHSzx0fEAwfDB3cV1VZDVGZk5QPUF8amNTMmtiUWZVNTVhQ0tgTFE2fScpJ2N3amhWYHdzYHcnP3F3cGApJ2lkfGpwcVF8dWAnPyd2bGtiaWBabHFgaCcpJ2BrZGdpYFVpZGZgbWppYWB3dic%2FcXdwYHgl", "session_id": "cs_test_a1s22QEe8u9lrzKmB4GCY86K1eK6NJIYp14idVVmcVnm2hen51mPatgg5P", "money_to_pay": "20.060"}}, {"model": "library.payment", "pk": 22, "fields": {"status": "PAID", "type": "PAYMENT", "borrowing": 14, "session_url": "https://checkout.stripe.com/c/pay/cs_test_a1gRu4PzlTpBXn8kMQ6Yg4jXws2ZmqEk3XvaPTMXyCpgwhRmACP7y8AbLi#fidkdWxOYHwnPyd1blpxYHZxWjA0SGFNV2ZGdW92a2xpT3ZKQlBWYmNjYkJ2X09SUWhVM2JocURwZGs3PXBrUFZ1TU48MX1zR1N2aGBHSzx0fEAwfDB3cV1VZDVGZk5QPUF8amNTMmtiUWZVNTVhQ0tgTFE2fScpJ2N3amhWYHdzYHcnP3F3cGApJ2lkfGpwcVF8dWAnPyd2bGtiaWBabHFgaCcpJ2BrZGdpYFVpZGZgbWppYWB3dic%2FcXdwYHgl", "session_id": "cs_test_a1gRu4PzlTpBXn8kMQ6Yg4jXws2ZmqEk3XvaPTMXyCpgwhRmACP7y8AbLi", "money_to_pay": "28.500"}}, {"model": "library.payment", "pk": 23, "fields": {"status": "PAID", "type": "PAYMENT", "borrowing": 30, "session_url": "https://checkout.stripe.com/c/pay/cs_test_a1DhNnmRWao9jWkxz3cbkjvgiahrFTQtvHuRYq2QczwG5g5n7EZq9ciCpG#fidkdWxOYHwnPyd1blpxYHZxWjA0SGFNV2ZGdW92a2xpT3ZKQlBWYmNjYkJ2X09SUWhVM2JocURwZGs3PXBrUFZ1TU48MX1zR1N2aGBHSzx0fEAwfDB3cV1VZDVGZk5QPUF8amNTMmtiUWZVNTVhQ0tgTFE2fScpJ2N3amhWYHdzYHcnP3F3cGApJ2lkfGpwcVF8dWAnPyd2bGtiaWBabHFgaCcpJ2BrZGdpYFVpZGZgbWppYWB3dic%2FcXdwYHgl", "session_id": "cs_test_a1DhNnmRWao9jWkxz3cbkjvgiahrFTQtvHuRYq2QczwG5g5n7EZq9ciCpG", "money_to_pay": "0.700"}}, {"model": "library.payment", "pk": 24, "fields": {"status": "PAID", "type": "PAYMENT", "borrowing": 24, "session_url": "https://checkout.stripe.com/c/pay/cs_test_a1dUbqzIyDEXoAbzjgphThQKFGx065iLQc1pSq6GVM6BZdnAXSMvHdQHie#fidkdWxOYHwnPyd1blpxYHZxWjA0SGFNV2ZGdW92a2xpT3ZKQlBWYmNjYkJ2X09SUWhVM2JocURwZGs3PXBrUFZ1TU48MX1zR1N2aGBHSzx0fEAwfDB3cV1VZDVGZk5QPUF8amNTMmtiUWZVNTVhQ0tgTFE2fScpJ2N3amhWYHdzYHcnP3F3cGApJ2lkfGpwcVF8dWAnPyd2bGtiaWBabHFgaCcpJ2BrZGdpYFVpZGZgbWppYWB3dic%2FcXdwYHgl", "session_id": "cs_test_a1dUbqzIyDEXoAbzjgphThQKFGx065iLQc1pSq6GVM6BZdnAXSMvHdQHie", "money_to_pay": "23.010"}}, {"model": "library.payment", "pk": 25, "fields": {"status": "PAID", "type": "PAYMENT", "borrowing": 19, "session_url": "https://checkout.stripe.com/c/pay/cs_test_a1xKo4dbZAahBh4qBYbMj6QzTymV7lx4aeg0K8TWwwsg35zy9VuIoLLdJs#fidkdWxOYHwnPyd1blpxYHZxWjA0SGFNV2ZGdW92a2xpT3ZKQlBWYmNjYkJ2X09SUWhVM2JocURwZGs3PXBrUFZ1TU48MX1zR1N2aGBHSzx0fEAwfDB3cV1VZDVGZk5QPUF8amNTMmtiUWZVNTVhQ0tgTFE2fScpJ2N3amhWYHdzYHcnP3F3cGApJ2lkfGpwcVF8dWAnPyd2bGtiaWBabHFgaCcpJ2BrZGdpYFVpZGZgbWppYWB3dic%2FcXdwYHgl", "session_id": "cs_test_a1xKo4dbZAahBh4qBYbMj6QzTymV7lx4aeg0K8TWwwsg35zy9VuIoLLdJs", "money_to_pay": "33.630"}}, {"model": "library.payment", "pk": 26, "fields": {"status": "PENDING", "type": "PAYMENT", "borrowing": 3, "session_url": "https://checkout.stripe.com/c/pay/cs_test_a14g6Rxqq4AFZvUEd0DBZLm9TNZ0KUsIg1cu2FF1SwZZ4WrTPrcX3EaUqF#fidkdWxOYHwnPyd1blpxYHZxWjA0SGFNV2ZGdW92a2xpT3ZKQlBWYmNjYkJ2X09SUWhVM2JocURwZGs3PXBrUFZ1TU48MX1zR1N2aGBHSzx0fEAwfDB3cV1VZDVGZk5QPUF8amNTMmtiUWZVNTVhQ0tgTFE2fScpJ2N3amhWYHdzYHcnP3F3cGApJ2lkfGpwcVF8dWAnPyd2bGtiaWBabHFgaCcpJ2BrZGdpYFVpZGZgbWppYWB3dic/cXdwYHgl", "session_id": "cs_test_a14g6Rxqq4AFZvUEd0DBZLm9TNZ0KUsIg1cu2FF1SwZZ4WrTPrcX3EaUqF", "money_to_pay": "0.750"}}, {"model": "library.payment", "pk": 27, "fields": {"status": "PAID", "type": "PAYMENT", "borrowing": 33, "session_url": "https://checkout.stripe.com/c/pay/cs_test_a1toTBMAHjFIozVBzqgbvNrmBL3awkhf2ggIAQ5a7jkMd3765EQLP1K6Ks#fidkdWxOYHwnPyd1blpxYHZxWjA0SGFNV2ZGdW92a2xpT3ZKQlBWYmNjYkJ2X09SUWhVM2JocURwZGs3PXBrUFZ1TU48MX1zR1N2aGBHSzx0fEAwfDB3cV1VZDVGZk5QPUF8amNTMmtiUWZVNTVhQ0tgTFE2fScpJ2N3amhWYHdzYHcnP3F3cGApJ2lkfGpwcVF8dWAnPyd2bGtiaWBabHFgaCcpJ2BrZGdpYFVpZGZgbWppYWB3dic%2FcXdwYHgl", "session_id": "cs_test_a1toTBMAHjFIozVBzqgbvNrmBL3awkhf2ggIAQ5a7jkMd3765EQLP1K6Ks", "money_to_pay": "6.300"}}, {"model": "library.payment", "pk": 28, "fields": {"status": "PAID", "type": "PAYMENT", "borrowing": 22, "session_url": "https://checkout.stripe.com/c/pay/cs_test_a1cz49FEqkn1mAYxZ2U8LiFwsfsyB4NhZHSGDBnJOsf0WQhoaaeWOBrtE8#fidkdWxOYHwnPyd1blpxYHZxWjA0SGFNV2ZGdW92a2xpT3ZKQlBWYmNjYkJ2X09SUWhVM2JocURwZGs3PXBrUFZ1TU48MX1zR1N2aGBHSzx0fEAwfDB3cV1VZDVGZk5QPUF8amNTMmtiUWZVNTVhQ0tgTFE2fScpJ2N3amhWYHdzYHcnP3F3cGApJ2lkfGpwcVF8dWAnPyd2bGtiaWBabHFgaCcpJ2BrZGdpYFVpZGZgbWppYWB3dic%2FcXdwYHgl", "session_id": "cs_test_a1cz49FEqkn1mAYxZ2U8LiFwsfsyB4NhZHSGDBnJOsf0WQhoaaeWOBrtE8", "money_to_pay": "24.190"}}, {"model": "library.payment", "pk": 29, "fields": {"status": "PAID", "type": "PAYMENT", "borrowing": 32, "session_url": "https://checkout.stripe.com/c/pay/cs_test_a1U2GNoKYUlyzmfVduyWeEDMNP2UGzZLGRRiOUYdxYc979KadsfHDfsv7e#fidkdWxOYHwnPyd1blpxYHZxWjA0SGFNV2ZGdW92a2xpT3ZKQlBWYmNjYkJ2X09SUWhVM2JocURwZGs3PXBrUFZ1TU48MX1zR1N2aGBHSzx0fEAwfDB3cV1VZDVGZk5QPUF8amNTMmtiUWZVNTVhQ0tgTFE2fScpJ2N3amhWYHdzYHcnP3F3cGApJ2lkfGpwcVF8dWAnPyd2bGtiaWBabHFgaCcpJ2BrZGdpYFVpZGZgbWppYWB3dic%2FcXdwYHgl", "session_id": "cs_test_a1U2GNoKYUlyzmfVduyWeEDMNP2UGzZLGRRiOUYdxYc979KadsfHDfsv7e", "money_to_pay": "7.000"}}, {"model": "library.payment", "pk": 30, "fields": {"status": "PAID", "type": "PAYMENT", "borrowing": 23, "session_url": "https://checkout.stripe.com/c/pay/cs_test_a1gj0DR9yMMjQxgNkz9ZOpvnuFsK2E8UC8dBWl12DAIWY7xbqqtuwJOORQ#fidkdWxOYHwnPyd1blpxYHZxWjA0SGFNV2ZGdW92a2xpT3ZKQlBWYmNjYkJ2X09SUWhVM2JocURwZGs3PXBrUFZ1TU48MX1zR1N2aGBHSzx0fEAwfDB3cV1VZDVGZk5QPUF8amNTMmtiUWZVNTVhQ0tgTFE2fScpJ2N3amhWYHdzYHcnP3F3cGApJ2lkfGpwcVF8dWAnPyd2bGtiaWBabHFgaCcpJ2BrZGdpYFVpZGZgbWppYWB3dic%2FcXdwYHgl", "session_id": "cs_test_a1gj0DR9yMMjQxgNkz9ZOpvnuFsK2E8UC8dBWl12DAIWY7xbqqtuwJOORQ", "money_to_pay": "24.190"}}, {"model": "library.payment", "pk": 31, "fields": {"status": "PAID", "type": "PAYMENT", "borrowing": 25, "session_url": "https://checkout.stripe.com/c/pay/cs_test_a1dXMqRIc87x3Trc4FbUIIpkgjrdiO3WDuCk3vLd4KgorcshssHIGWWeWh#fidkdWxOYHwnPyd1blpxYHZxWjA0SGFNV2ZGdW92a2xpT3ZKQlBWYmNjYkJ2X09SUWhVM2JocURwZGs3PXBrUFZ1TU48MX1zR1N2aGBHSzx0fEAwfDB3cV1VZDVGZk5QPUF8amNTMmtiUWZVNTVhQ0tgTFE2fScpJ2N3amhWYHdzYHcnP3F3cGApJ2lkfGpwcVF8dWAnPyd2bGtiaWBabHFgaCcpJ2BrZGdpYFVpZGZgbWppYWB3dic%2FcXdwYHgl", "session_id": "cs_test_a1dXMqRIc87x3Trc4FbUIIpkgjrdiO3WDuCk3vLd4KgorcshssHIGWWeWh", "money_to_pay": "24.190"}}, {"model": "library.payment", "pk": 32, "fields": {"status": "PAID", "type": "PAYMENT", "borrowing": 26, "session_url": "https://checkout.stripe.com/c/pay/cs_test_a1hAYeO8xXSFMlwwBAue20ZCpgzYQQUiqfkmJx7UA9x7DbLjPJ5372Cf9c#fidkdWxOYHwnPyd1blpxYHZxWjA0SGFNV2ZGdW92a2xpT3ZKQlBWYmNjYkJ2X09SUWhVM2JocURwZGs3PXBrUFZ1TU48MX1zR1N2aGBHSzx0fEAwfDB3cV1VZDVGZk5QPUF8amNTMmtiUWZVNTVhQ0tgTFE2fScpJ2N3amhWYHdzYHcnP3F3cGApJ2lkfGpwcVF8dWAnPyd2bGtiaWBabHFgaCcpJ2BrZGdpYFVpZGZgbWppYWB3dic%2FcXdwYHgl", "session_id": "cs_test_a1hAYeO8xXSFMlwwBAue20ZCpgzYQQUiqfkmJx7UA9x7DbLjPJ5372Cf9c", "money_to_pay": "24.190"}}, {"model": "library.payment", "pk": 33, "fields": {"status": "PAID", "type": "PAYMENT", "borrowing": 27, "session_url": "https://checkout.stripe.com/c/pay/cs_test_a1021cUxclxlSBb9m9l4qpMe8p7a6f1A5DBBzT6fp4lcZu4eC3fnMKwqSs#fidkdWxOYHwnPyd1blpxYHZxWjA0SGFNV2ZGdW92a2xpT3ZKQlBWYmNjYkJ2X09SUWhVM2JocURwZGs3PXBrUFZ1TU48MX1zR1N2aGBHSzx0fEAwfDB3cV1VZDVGZk5QPUF8amNTMmtiUWZVNTVhQ0tgTFE2fScpJ2N3amhWYHdzYHcnP3F3cGApJ2lkfGpwcVF8dWAnPyd2bGtiaWBabHFgaCcpJ2BrZGdpYFVpZGZgbWppYWB3dic%2FcXdwYHgl", "session_id": "cs_test_a1021cUxclxlSBb9m9l4qpMe8p7a6f1A5DBBzT6fp4lcZu4eC3fnMKwqSs", "money_to_pay": "24.780"}}, {"model": "library.payment", "pk": 34, "fields": {"status": "PAID", "type": "PAYMENT", "borrowing": 28, "session_url": "https://checkout.stripe.com/c/pay/cs_test_a1axNxmBMGnS7rFwGuLr4e2uxok67KAN7N8sm3oSsGCqiJ1x4jD0h0TpAW#fidkdWxOYHwnPyd1blpxYHZxWjA0SGFNV2ZGdW92a2xpT3ZKQlBWYmNjYkJ2X09SUWhVM2JocURwZGs3PXBrUFZ1TU48MX1zR1N2aGBHSzx0fEAwfDB3cV1VZDVGZk5QPUF8amNTMmtiUWZVNTVhQ0tgTFE2fScpJ2N3amhWYHdzYHcnP3F3cGApJ2lkfGpwcVF8dWAnPyd2bGtiaWBabHFgaCcpJ2BrZGdpYFVpZGZgbWppYWB3dic%2FcXdwYHgl", "session_id": "cs_test_a1axNxmBMGnS7rFwGuLr4e2uxok67KAN7N8sm3oSsGCqiJ1x4jD0h0TpAW", "money_to_pay": "24.780"}}, {"model": "library.payment", "pk": 35, "fields": {"status": "PAID", "type": "PAYMENT", "borrowing": 29, "session_url": "https://checkout.stripe.com/c/pay/cs_test_a1VomrJoopFp0YZlk39xsDOx84uox4WwBvXPst3QjzmBP6linPteK5HjIL#fidkdWxOYHwnPyd1blpxYHZxWjA0SGFNV2ZGdW92a2xpT3ZKQlBWYmNjYkJ2X09SUWhVM2JocURwZGs3PXBrUFZ1TU48MX1zR1N2aGBHSzx0fEAwfDB3cV1VZDVGZk5QPUF8amNTMmtiUWZVNTVhQ0tgTFE2fScpJ2N3amhWYHdzYHcnP3F3cGApJ2lkfGpwcVF8dWAnPyd2bGtiaWBabHFgaCcpJ2BrZGdpYFVpZGZgbWppYWB3dic%2FcXdwYHgl", "session_id": "cs_test_a1VomrJoopFp0YZlk39xsDOx84uox4WwBvXPst3QjzmBP6linPteK5HjIL", "money_to_pay": "25.370"}}, {"model": "user.user", "pk": 1, "fields": {"password": "pbkdf2_sha256$390000$BHWVA8MHQ4VigZwc7IDZNP$uxYtb4m+EeUIdShtz62Hi9hUo0Vt1JZHSFcCmtsPIcQ=", "last_login": "2023-05-07T05:52:28.761Z", "is_superuser": true, "first_name": "", "last_name": "", "is_staff": true, "is_active": true, "date_joined": "2023-05-06T18:56:19.247Z", "email": "admin@gmail.com", "groups": [], "user_permissions": []}}, {"model": "user.user", "pk": 2, "fields": {"password": "pbkdf2_sha256$390000$fcG4ZYaUYWTv0rV5x4xFuw$6QSedKDNqRvmeo1Dn9y4gkDX3ZNEpPkXjMQZTHg/TtY=", "last_login": null, "is_superuser": false, "first_name": "John", "last_name": "Black", "is_staff": false, "is_active": true, "date_joined": "2023-06-07T08:44:40.343Z", "email": "admin1@gmail.com", "groups": [], "user_permissions": []}}, {"model": "user.user", "pk": 3, "fields": {"password": "pbkdf2_sha256$390000$fsSZAfPpk4Qo84MHsIwGoQ$F02LgVpSGyvG9KUCbPBctY7lvWtLMKcme1bSA4SUGac=", "last_login": null, "is_superuser": true, "first_name": "", "last_name": "", "is_staff": true, "is_active": true, "date_joined": "2023-06-07T08:52:19.837Z", "email": "admin11@gmail.com", "groups": [], "user_permissions": []}}]